date,temp
2025-01-01,16.52646190437419
2025-01-02,18.728930359975987
2025-01-03,14.378959738574379
2025-01-04,20.84562330950616
2025-01-05,20.35658296770011
2025-01-06,20.25304515520652
2025-01-07,22.037905371304866
2025-01-08,22.252305493629134
2025-01-09,23.649358375553128
2025-01-10,20.50295621752835
2025-01-11,24.470474362807213
2025-01-12,21.106405792473925
2025-01-13,23.51094972064144
2025-01-14,20.41245451303286
2025-01-15,22.00970843402191
2025-01-16,21.904188638198576
2025-01-17,18.91884253703983
2025-01-18,21.35838610392922
2025-01-19,19.77003056308235
2025-01-20,17.408332424666018
2025-01-21,12.506289582540195
2025-01-22,18.07208201968274
2025-01-23,9.823570718754016
2025-01-24,10.899878556690908
2025-01-25,9.583787356285518
2025-01-26,12.847872787612241
2025-01-27,10.228920825166941
2025-01-28,9.59908790382875
2025-01-29,7.92575122094546
2025-01-30,9.275816849558101
2025-01-31,8.349526382211874
2025-02-01,9.829337500010459
2025-02-02,9.38456521227957
2025-02-03,8.98491784363145
2025-02-04,9.855480532790239
2025-02-05,7.668012297899221
2025-02-06,12.604169607225256
2025-02-07,9.937173596655372
2025-02-08,17.498687264053828
2025-02-09,18.535370265821115
2025-02-10,19.681807819693734
2025-02-11,20.635921130624492
2025-02-12,22.13654725029503
2025-02-13,18.421410268402703
2025-02-14,20.113088190295322
2025-02-15,24.075730992448115
2025-02-16,26.35454204487597
2025-02-17,23.33687187625971
2025-02-18,26.78858559809509
2025-02-19,26.636915250339744
2025-02-20,24.033813157647327
2025-02-21,27.176785280286698
2025-02-22,22.750170265691718
2025-02-23,26.05974320377022
2025-02-24,24.79475427023699
2025-02-25,24.405189235062757
2025-02-26,20.18718764166608
2025-02-27,21.285502535130536
2025-02-28,24.636965513226553
2025-03-01,14.998380633591431
2025-03-02,16.280904895872347
2025-03-03,14.708913642274528
2025-03-04,17.00546982933811
2025-03-05,12.73200722774431
2025-03-06,15.845360187277553
2025-03-07,10.821231590065114
2025-03-08,12.544324584728443
2025-03-09,12.130753352311244
2025-03-10,14.543469025275968
2025-03-11,9.675693034010708
2025-03-12,9.596781268159612
2025-03-13,7.758836575224505
2025-03-14,12.005880423623745
2025-03-15,9.459969065240434
2025-03-16,11.320346824749594
2025-03-17,13.134923970844934
2025-03-18,14.869310267559804
2025-03-19,15.801814633654184
2025-03-20,16.858416559788672
2025-03-21,21.441902582400168
2025-03-22,23.49283454006942
2025-03-23,22.42804393023006
2025-03-24,25.852687767864705
2025-03-25,24.56088289179869
2025-03-26,23.112892312234425
2025-03-27,21.945951188918592
2025-03-28,23.134575243782482
2025-03-29,27.098795385008916
2025-03-30,24.90061958180588
2025-03-31,26.199905775976063
2025-04-01,27.376206748957554
2025-04-02,25.402844106754358
2025-04-03,30.703288959833205
2025-04-04,29.795173027259054
2025-04-05,24.39751881303314
2025-04-06,26.301602311577327
2025-04-07,27.513566340552668
2025-04-08,23.387871040436146
2025-04-09,20.89005370379059
2025-04-10,18.66847102689877
2025-04-11,18.769258900137856
2025-04-12,18.117424583175932
2025-04-13,14.585912681073413
2025-04-14,14.12873287247058
2025-04-15,14.056586280328723
2025-04-16,14.249045844308606
2025-04-17,16.274176348174
2025-04-18,14.038369535697793
2025-04-19,10.982424542586795
2025-04-20,11.486268490484626
2025-04-21,14.050246642132258
2025-04-22,14.17510824317973
2025-04-23,12.466424156016922
2025-04-24,13.882442806584846
2025-04-25,13.7643612685856
2025-04-26,13.479128688850565
2025-04-27,17.808926289789422
2025-04-28,16.066052660234618
2025-04-29,19.915048141715133
2025-04-30,18.9208339730751
2025-05-01,21.05601450395634
2025-05-02,20.216263985809476
2025-05-03,22.115995291101676
2025-05-04,24.05378719670421
2025-05-05,28.919985169232785
2025-05-06,26.514559756021193
2025-05-07,31.237518864186182
2025-05-08,28.08663102102015
2025-05-09,26.979878245480982
2025-05-10,29.172673769173393
2025-05-11,33.88973033371731
2025-05-12,26.205383320425824
2025-05-13,28.57815708792141
2025-05-14,26.869629392943583
2025-05-15,24.1973633466516
2025-05-16,24.167951379827922
2025-05-17,28.319217581087905
2025-05-18,27.208342022812992
2025-05-19,25.148101548029956
2025-05-20,19.103006067677775
2025-05-21,18.534961697206583
2025-05-22,18.34630642270462
2025-05-23,18.806247332317525
2025-05-24,18.854302527016593
2025-05-25,16.78786340682859
2025-05-26,13.799240258579957
2025-05-27,14.76858377756557
2025-05-28,13.555251381411225
2025-05-29,13.331045814517223
2025-05-30,11.715287064677058
2025-05-31,15.128979913931401
2025-06-01,15.734909979260618
2025-06-02,16.965949568735073
2025-06-03,16.584529974275874
2025-06-04,13.827042852332383
2025-06-05,18.02321442692204
2025-06-06,17.0926774853145
2025-06-07,20.156992943251108
2025-06-08,18.266593937603883
2025-06-09,21.259603428414195
2025-06-10,25.572002656427703
2025-06-11,24.416356604880693
2025-06-12,25.897225553397078
2025-06-13,25.474040052351967
2025-06-14,28.15665300023765
2025-06-15,28.084869307031152
2025-06-16,32.602875228320954
2025-06-17,30.591417625489484
2025-06-18,28.18883794405542
2025-06-19,31.846442173600177
2025-06-20,32.643660714301895
2025-06-21,31.709531074807106
2025-06-22,29.990761840068426
2025-06-23,32.17560734158957
2025-06-24,30.645230809592533
2025-06-25,29.826373202474258
2025-06-26,30.5696181218668
2025-06-27,28.58025645027885
2025-06-28,26.109095079700378
2025-06-29,23.343723418743657
2025-06-30,22.96526334354124
2025-07-01,18.88396585205843
2025-07-02,21.247690709958118
2025-07-03,17.544301542316575
2025-07-04,19.365913781163663
2025-07-05,21.359077902539244
2025-07-06,15.921303395447898
2025-07-07,14.461202066771227
2025-07-08,12.99635245893213
2025-07-09,17.158430202489356
2025-07-10,16.268965760167248
2025-07-11,17.46051961272965
2025-07-12,14.045428263434953
2025-07-13,16.161034115941423
2025-07-14,18.97659054567539
2025-07-15,20.194881751897476
2025-07-16,20.08222390332297
2025-07-17,22.210450336482527
2025-07-18,22.048809587654983
2025-07-19,27.38768126985281
